timestamp,lowest_price
2026-06-24T10:35:12.110223-03:00,1904.46
2026-06-24T10:36:05.926838-03:00,1904.46
2026-06-24T10:37:12.525368-03:00,1904.46
2026-06-24T10:37:59.904684-03:00,1904.46
2026-06-24T10:38:29.536738-03:00,1904.46
2026-06-24T10:38:48.135097-03:00,1904.46
2026-06-24T10:39:51.510430-03:00,1904.46
2026-06-24T10:41:12.344307-03:00,1904.46
2026-06-24T10:52:41.465733-03:00,1933.43
2026-06-24T10:55:01.719718-03:00,1904.46
2026-06-24T11:12:39.174440-03:00,2050.77
2026-06-24T11:50:41.671491-03:00,2050.77
2026-06-24T13:53:15.251911-03:00,2059.14
2026-06-24T14:50:27.283000-03:00,2022.57
2026-06-24T15:50:30.463289-03:00,2022.57
2026-06-24T16:50:25.491231-03:00,2022.57
2026-06-24T17:54:51.371690-03:00,1561.13
2026-06-24T18:20:41.770051-03:00,1621.9
2026-06-24T18:50:24.474946-03:00,1621.9
2026-06-24T19:52:56.002093-03:00,1621.9
2026-06-24T20:50:27.711601-03:00,1621.9
2026-06-24T21:50:46.460691-03:00,1953.03
2026-06-24T22:50:23.757170-03:00,1953.03
2026-06-24T22:55:12.966204-03:00,1953.03
2026-06-24T23:50:26.132653-03:00,1953.03
2026-06-25T00:50:24.027666-03:00,1953.03
2026-06-25T01:50:25.152932-03:00,2222.99
2026-06-25T02:50:20.738039-03:00,2356.32
2026-06-25T03:50:20.522514-03:00,2356.32
2026-06-25T04:50:19.981645-03:00,2356.32
2026-06-25T05:50:20.365710-03:00,2356.32
2026-06-25T06:50:21.106571-03:00,2356.32
2026-06-25T07:50:44.847533-03:00,2356.32
2026-06-25T08:50:22.857151-03:00,2164.24
2026-06-25T09:50:32.631085-03:00,2164.24
2026-06-25T10:50:32.919937-03:00,2164.24
2026-06-25T11:51:13.270069-03:00,2293.14
2026-06-25T12:50:32.922780-03:00,2293.14
2026-06-25T14:56:25.132013-03:00,2252.89
2026-06-25T15:50:21.650064-03:00,2156.9
2026-06-25T16:50:49.852440-03:00,2156.9
2026-06-25T17:50:31.816504-03:00,2156.9
2026-06-25T18:50:44.358668-03:00,2187.99
2026-06-25T19:51:04.834609-03:00,2293.08
2026-06-25T20:50:27.516034-03:00,2293.08
2026-06-25T21:50:35.782027-03:00,2293.08
2026-06-25T22:50:32.295614-03:00,2293.08
2026-06-25T23:50:35.875995-03:00,2293.08
2026-06-26T00:50:36.494335-03:00,2293.08
2026-06-26T02:41:56.954534-03:00,2466.51
2026-06-26T02:50:22.812476-03:00,2466.51
2026-06-26T03:50:39.764432-03:00,2466.51
2026-06-26T04:50:27.931704-03:00,2466.51
2026-06-26T05:50:36.956299-03:00,2466.51
2026-06-26T06:50:29.054813-03:00,2422.69
2026-06-26T07:50:38.721390-03:00,2422.69
2026-06-26T08:50:26.699005-03:00,2422.69
2026-06-26T09:50:49.099039-03:00,2422.69
2026-06-26T10:50:30.911616-03:00,2422.69
2026-06-26T11:50:53.964158-03:00,2273.6
2026-06-26T12:51:00.451174-03:00,2158.85
2026-06-26T13:50:45.404289-03:00,2158.85
2026-06-26T15:04:54.831607-03:00,
2026-06-26T15:50:25.171123-03:00,2359.44
2026-06-26T16:50:24.085208-03:00,2359.44
2026-06-26T17:50:26.216200-03:00,2359.44
2026-06-26T18:50:21.615633-03:00,2359.44
2026-06-26T19:50:42.761490-03:00,2359.44
2026-06-26T20:50:24.526991-03:00,2202.49
2026-06-26T22:13:55.140816-03:00,2202.49
2026-06-26T22:50:21.678608-03:00,2202.49
2026-06-26T23:50:19.975839-03:00,2359.44
2026-06-27T00:50:20.733187-03:00,2359.44
2026-06-27T01:50:19.282828-03:00,2359.44
2026-06-27T02:50:21.652450-03:00,2359.44
2026-06-27T03:50:20.692985-03:00,2359.44
2026-06-27T04:50:19.292687-03:00,2359.44
2026-06-27T05:50:19.536632-03:00,2359.44
2026-06-27T06:50:20.058563-03:00,2359.44
2026-06-27T07:50:20.694294-03:00,2359.44
2026-06-27T08:50:20.537648-03:00,2359.44
2026-06-27T09:50:23.673685-03:00,2359.44
2026-06-27T10:50:51.114341-03:00,2359.44
2026-06-27T11:50:40.031565-03:00,2359.44
2026-06-27T12:50:28.177822-03:00,2359.44
2026-06-27T13:50:34.186266-03:00,2637.02
2026-06-27T14:50:27.428079-03:00,2637.02
2026-06-27T17:50:31.552733-03:00,2637.02
2026-06-27T18:50:44.006625-03:00,2637.02
2026-06-27T21:01:00.713960-03:00,2491.75
2026-06-27T22:01:53.764445-03:00,2491.75
2026-06-27T22:50:43.768530-03:00,2491.75
2026-06-27T23:50:34.249594-03:00,2491.75
2026-06-28T00:50:34.242943-03:00,2491.75
2026-06-28T01:50:25.220196-03:00,2491.75
2026-06-28T02:50:23.208067-03:00,2637.02
2026-06-28T03:50:30.428788-03:00,2637.02
2026-06-28T04:50:30.424472-03:00,2637.02
2026-06-28T05:50:30.444892-03:00,2637.02
2026-06-28T06:50:34.905784-03:00,2637.02
2026-06-28T07:50:37.682037-03:00,2637.02
2026-06-28T08:50:20.022704-03:00,2637.02
2026-06-28T09:50:25.114464-03:00,2637.02
2026-06-28T10:50:45.279636-03:00,2637.02
2026-06-28T12:09:37.852949-03:00,2637.02
2026-06-28T12:50:27.477849-03:00,2637.02
2026-06-28T14:50:45.822996-03:00,2637.02
2026-06-28T15:50:39.784641-03:00,2637.02
2026-06-28T17:50:45.641643-03:00,2637.02
2026-06-28T18:50:35.894859-03:00,2637.02
2026-06-28T21:10:56.897414-03:00,2491.75
2026-06-28T23:41:51.045539-03:00,2525.71
2026-06-28T23:50:20.769637-03:00,2525.71
2026-06-29T00:50:28.547590-03:00,2670.98
2026-06-29T01:50:24.746772-03:00,2670.98
2026-06-29T02:50:25.422071-03:00,2670.98
2026-06-29T03:50:24.311644-03:00,2670.98
2026-06-29T04:50:24.905401-03:00,2670.98
2026-06-29T05:50:25.987326-03:00,2670.98
2026-06-29T06:50:24.357300-03:00,2670.98
2026-06-29T07:50:21.141880-03:00,2670.98
2026-06-29T08:50:31.721089-03:00,2670.98
2026-06-29T09:50:23.601653-03:00,2322.78
2026-06-29T10:50:48.693550-03:00,2326.21
2026-06-29T11:50:44.613292-03:00,2326.21
2026-06-29T12:50:33.548085-03:00,2326.21
2026-06-29T13:50:19.815440-03:00,2326.21
2026-06-29T14:50:26.884302-03:00,2326.21
2026-06-29T15:50:21.832163-03:00,2326.21
2026-06-29T16:50:23.293223-03:00,2326.21
2026-06-29T17:50:44.578824-03:00,2281.31
2026-06-29T18:50:19.727837-03:00,2281.31
2026-06-29T19:50:21.226402-03:00,2281.31
2026-06-29T20:50:22.474177-03:00,2155.53
2026-06-29T21:50:44.754540-03:00,2155.53
2026-06-29T23:42:13.229430-03:00,2155.53
2026-06-29T23:50:19.318892-03:00,2155.53
2026-06-30T00:50:34.250910-03:00,2281.31
2026-06-30T01:50:46.860017-03:00,2326.21
2026-06-30T03:58:17.232987-03:00,2326.21
2026-06-30T04:51:04.236401-03:00,2326.21
2026-06-30T05:50:31.410923-03:00,2326.21
2026-06-30T06:50:26.892635-03:00,2326.21
2026-06-30T07:50:25.846254-03:00,2326.21
2026-06-30T08:50:24.902370-03:00,2326.21
2026-06-30T09:50:31.293296-03:00,2509.12
2026-06-30T10:56:27.488552-03:00,2509.12
2026-06-30T11:50:52.174966-03:00,2611.69
2026-06-30T12:50:23.598270-03:00,2417.52
2026-06-30T13:50:23.593918-03:00,2502.96
2026-06-30T14:50:24.076281-03:00,2431.72
2026-06-30T15:50:30.835507-03:00,2431.72
2026-06-30T16:50:25.335614-03:00,2431.72
2026-06-30T17:50:51.752567-03:00,2382.84
2026-06-30T18:50:21.664447-03:00,2371.87
2026-06-30T19:50:52.044022-03:00,2371.87
2026-06-30T20:50:22.052554-03:00,2233.85
2026-06-30T21:50:23.654620-03:00,2233.85
2026-06-30T22:50:26.759063-03:00,2233.85
2026-06-30T23:50:53.161974-03:00,2233.85
2026-07-01T00:51:04.382821-03:00,2371.87
2026-07-01T01:50:26.807574-03:00,2371.87
2026-07-01T02:50:28.504257-03:00,2371.87
2026-07-01T03:50:24.861056-03:00,2371.87
2026-07-01T04:50:24.752842-03:00,2371.87
2026-07-01T05:50:25.373853-03:00,2371.87
2026-07-01T06:50:23.185843-03:00,2371.87
2026-07-01T07:50:25.606081-03:00,2371.87
2026-07-01T08:50:24.490000-03:00,2371.87
2026-07-01T11:46:32.313813-03:00,2371.87
2026-07-01T11:51:09.265834-03:00,2371.87
2026-07-01T12:50:39.480529-03:00,2371.87
2026-07-01T13:50:24.938344-03:00,2207.02
2026-07-01T14:50:25.741975-03:00,2207.02
2026-07-01T15:50:33.718376-03:00,2371.87
2026-07-01T16:50:22.656116-03:00,2107.42
2026-07-01T17:50:49.753155-03:00,2107.42
2026-07-01T18:50:26.018041-03:00,1985.95
2026-07-01T19:50:26.525602-03:00,1985.95
2026-07-01T20:50:26.266452-03:00,2150.8
2026-07-01T21:50:46.557806-03:00,2150.8
2026-07-02T11:50:46.805215-03:00,2091.67
2026-07-02T12:50:42.690225-03:00,2091.67
2026-07-02T13:50:19.089304-03:00,2091.67
2026-07-02T14:50:19.583568-03:00,2091.67
2026-07-02T15:50:21.013085-03:00,2171.28
2026-07-02T16:50:21.172387-03:00,2171.28
2026-07-02T17:50:22.168491-03:00,2171.28
2026-07-02T19:17:17.840233-03:00,2171.28
2026-07-02T19:50:46.400318-03:00,2171.28
2026-07-02T20:50:23.357074-03:00,2171.28
2026-07-02T21:50:24.053651-03:00,2171.28
2026-07-02T22:50:22.924926-03:00,2171.28
2026-07-03T05:52:04.311828-03:00,2396.84
2026-07-03T06:50:22.928130-03:00,2396.84
2026-07-03T07:50:19.913517-03:00,2396.84
2026-07-03T08:50:18.636204-03:00,2396.84
2026-07-03T11:50:34.973788-03:00,2351.78
2026-07-03T12:50:46.365395-03:00,2131.63
2026-07-03T13:50:24.824332-03:00,2131.63
2026-07-03T14:50:20.147230-03:00,2131.63
2026-07-03T15:50:18.215739-03:00,2156.11
2026-07-03T16:50:19.848095-03:00,2351.78
2026-07-03T17:50:19.748279-03:00,2351.78
2026-07-03T18:50:18.771839-03:00,2351.78
2026-07-03T19:50:20.900887-03:00,2239.86
2026-07-03T20:50:24.990136-03:00,2207.91
2026-07-03T21:52:50.018712-03:00,2130.57
2026-07-03T22:50:19.432622-03:00,2130.57
2026-07-03T23:50:18.404159-03:00,2130.57
2026-07-04T00:50:19.376842-03:00,2130.57
2026-07-04T01:50:18.417582-03:00,2130.57
2026-07-04T02:50:40.811765-03:00,2130.57
2026-07-04T03:50:17.652731-03:00,2130.57
2026-07-04T04:50:18.775721-03:00,2130.57
2026-07-04T05:50:18.154899-03:00,2130.57
2026-07-04T06:50:17.983210-03:00,2130.57
2026-07-04T07:50:18.488060-03:00,2130.57
2026-07-04T08:50:19.622535-03:00,2130.57
2026-07-04T11:51:19.775720-03:00,2130.57
2026-07-04T12:50:46.562121-03:00,2143.0
2026-07-04T15:16:51.436784-03:00,2143.0
2026-07-04T15:50:23.208127-03:00,2143.0
2026-07-04T18:17:10.786297-03:00,2143.0
2026-07-04T23:50:41.811999-03:00,2143.0
2026-07-05T01:59:30.191313-03:00,2162.88
2026-07-05T02:50:49.363822-03:00,2162.88
2026-07-05T03:50:17.923400-03:00,2162.88
2026-07-05T04:50:18.854155-03:00,2162.88
2026-07-05T05:50:18.406163-03:00,2162.88
2026-07-05T06:50:20.905084-03:00,2162.88
2026-07-05T08:50:19.865597-03:00,2162.88
2026-07-05T09:50:18.955797-03:00,2162.88
2026-07-05T11:49:49.494853-03:00,2162.88
2026-07-05T11:50:13.949948-03:00,2162.88
2026-07-05T21:52:39.820353-03:00,2162.88
2026-07-05T22:51:39.795750-03:00,2162.88
2026-07-05T23:53:06.285332-03:00,2162.88
2026-07-06T00:50:17.257866-03:00,2240.22
2026-07-06T01:50:17.348431-03:00,2275.34
2026-07-06T02:50:17.535181-03:00,2275.34
2026-07-06T03:50:37.610055-03:00,2275.34
2026-07-06T04:50:18.241728-03:00,2275.34
2026-07-06T05:50:18.728440-03:00,2275.34
2026-07-06T06:50:18.756704-03:00,2275.34
2026-07-06T07:50:19.119714-03:00,2275.34
2026-07-06T08:50:19.277694-03:00,2275.34
2026-07-06T09:50:20.294486-03:00,2384.09
2026-07-06T12:34:25.252453-03:00,2347.9
2026-07-06T12:50:23.310710-03:00,2386.84
2026-07-06T14:01:18.486915-03:00,2386.84
2026-07-06T14:50:39.056926-03:00,2386.84
2026-07-06T15:50:46.591095-03:00,2191.33
2026-07-06T16:50:20.967213-03:00,2191.33
2026-07-06T17:50:22.148341-03:00,2191.33
2026-07-06T18:50:23.737952-03:00,2191.33
2026-07-06T19:50:21.059090-03:00,2052.08
2026-07-06T20:50:23.654396-03:00,2052.08
2026-07-06T22:38:34.872006-03:00,2052.08
2026-07-06T22:50:25.347193-03:00,2052.08
2026-07-06T23:50:23.938805-03:00,2052.08
2026-07-07T00:50:24.252029-03:00,2052.08
2026-07-07T01:50:33.209303-03:00,2191.33
2026-07-07T02:50:23.037002-03:00,2191.33
2026-07-07T03:50:20.264784-03:00,2191.33
2026-07-07T04:50:42.157672-03:00,2191.33
2026-07-07T05:50:19.503094-03:00,2191.33
2026-07-07T06:50:20.777372-03:00,2191.33
2026-07-07T07:50:20.445884-03:00,2191.33
2026-07-07T08:57:00.761638-03:00,2191.33
2026-07-07T09:50:21.912676-03:00,2327.82
2026-07-07T10:50:22.629286-03:00,2327.82
2026-07-07T11:50:21.774107-03:00,2327.82
2026-07-07T12:50:41.587437-03:00,2327.82
2026-07-07T13:50:23.844188-03:00,2327.82
2026-07-07T14:50:25.474408-03:00,2327.82
2026-07-09T01:49:43.519095-03:00,2424.77
2026-07-09T01:50:25.571095-03:00,2424.77
2026-07-09T02:50:25.253860-03:00,2424.77
2026-07-09T03:50:23.395396-03:00,2424.77
2026-07-09T04:50:26.967050-03:00,2424.77
2026-07-09T05:50:24.210774-03:00,2424.77
2026-07-09T06:50:26.342816-03:00,2424.77
2026-07-09T07:50:25.840143-03:00,2424.77
2026-07-09T08:50:29.463218-03:00,2424.77
2026-07-09T09:50:26.136683-03:00,2424.77
2026-07-09T10:50:33.672571-03:00,2424.77
2026-07-09T11:50:38.868847-03:00,2514.35
2026-07-09T12:50:50.495553-03:00,2834.44
2026-07-09T13:50:26.907421-03:00,2763.54
2026-07-09T14:50:28.101646-03:00,2763.54
2026-07-09T15:50:42.521755-03:00,2763.54
2026-07-09T16:51:01.095623-03:00,2763.54
2026-07-09T17:50:38.179037-03:00,2763.54
2026-07-09T18:50:47.126482-03:00,2763.54
2026-07-09T19:50:23.944904-03:00,2834.44
2026-07-09T20:50:23.028722-03:00,2834.44
2026-07-09T21:50:33.202494-03:00,2834.44
2026-07-09T22:50:35.577802-03:00,2834.44
2026-07-09T23:50:42.688272-03:00,2834.44
2026-07-10T02:21:30.304597-03:00,3150.68
2026-07-10T02:50:32.446180-03:00,3150.68
2026-07-10T03:50:30.522202-03:00,3150.68
2026-07-10T04:50:28.887248-03:00,3150.68
2026-07-10T05:50:27.589797-03:00,3150.68
2026-07-10T06:50:29.250298-03:00,3150.68
2026-07-10T07:50:27.274373-03:00,3150.68
2026-07-10T08:50:32.197487-03:00,3150.68
2026-07-10T09:50:32.170226-03:00,3150.68
2026-07-10T10:50:51.081694-03:00,3150.68
2026-07-10T11:50:46.666473-03:00,3352.2
2026-07-10T12:50:54.854448-03:00,3117.34
2026-07-10T13:50:59.146651-03:00,3117.34
2026-07-10T14:50:31.066998-03:00,2603.77
2026-07-10T15:50:33.038667-03:00,2603.77
2026-07-10T16:50:29.588198-03:00,2603.77
2026-07-10T17:50:26.636047-03:00,2603.77
2026-07-10T18:50:27.646317-03:00,2603.77
2026-07-10T19:50:29.716785-03:00,2603.77
2026-07-10T20:50:28.543463-03:00,2685.28
2026-07-10T21:50:33.304824-03:00,2685.28
2026-07-10T22:50:33.262166-03:00,2685.28
2026-07-10T23:50:44.169457-03:00,2685.28
2026-07-11T00:50:58.685909-03:00,2685.28
2026-07-11T01:50:28.034283-03:00,2685.28
2026-07-11T02:51:02.250035-03:00,2685.28
2026-07-11T03:50:27.857466-03:00,2685.28
2026-07-11T04:50:36.196763-03:00,2685.28
2026-07-11T05:50:29.571383-03:00,2685.28
2026-07-11T06:50:29.170452-03:00,2685.28
2026-07-11T07:50:28.254551-03:00,2685.28
2026-07-11T08:50:33.330067-03:00,2603.77
2026-07-11T09:50:34.659140-03:00,2603.77
2026-07-11T10:50:34.683520-03:00,2603.77
2026-07-11T11:50:41.018215-03:00,2603.77
2026-07-11T12:50:50.910890-03:00,2603.77
2026-07-11T13:50:46.961291-03:00,2603.77
2026-07-11T14:51:04.716293-03:00,2603.77
2026-07-11T15:50:38.025513-03:00,2685.28
2026-07-11T16:50:24.594273-03:00,2685.28
2026-07-11T17:50:38.204673-03:00,2685.28
2026-07-11T18:50:30.299144-03:00,2685.28
2026-07-11T19:50:48.668215-03:00,2685.28
2026-07-11T20:50:54.971040-03:00,2685.28
2026-07-11T21:50:58.015403-03:00,2685.28
2026-07-11T22:50:35.177732-03:00,2685.28
2026-07-11T23:51:00.631593-03:00,2685.28
2026-07-12T00:50:46.180772-03:00,2822.17
2026-07-12T01:50:28.356849-03:00,2822.17
2026-07-12T02:50:28.176986-03:00,2822.17
2026-07-12T03:50:50.867409-03:00,2822.17
2026-07-12T04:50:22.675161-03:00,2822.17
2026-07-12T05:50:24.327464-03:00,2822.17
2026-07-12T06:50:27.568404-03:00,2822.17
2026-07-12T07:50:23.318556-03:00,2822.17
2026-07-12T08:50:30.887019-03:00,2822.17
2026-07-12T09:50:26.269285-03:00,2822.17
2026-07-12T10:50:37.854773-03:00,2822.17
2026-07-12T11:50:45.975623-03:00,2822.17
2026-07-12T12:50:37.184160-03:00,2822.17
2026-07-12T13:50:41.740364-03:00,2822.17
2026-07-12T14:50:41.954049-03:00,2822.17
2026-07-12T15:51:16.293206-03:00,2822.17
2026-07-12T16:50:55.176875-03:00,2994.19
2026-07-12T17:51:01.989068-03:00,2822.17
2026-07-12T18:50:36.757559-03:00,2822.17
2026-07-12T19:50:42.581242-03:00,2822.17
2026-07-12T20:50:36.705578-03:00,2822.17
2026-07-12T21:50:32.950454-03:00,2822.17
2026-07-12T22:51:04.418366-03:00,2822.17
2026-07-12T23:50:43.659606-03:00,2959.68
2026-07-13T00:51:09.581042-03:00,2959.68
2026-07-13T01:50:58.842459-03:00,2959.68
2026-07-13T02:50:50.985152-03:00,2959.68
2026-07-13T03:51:09.407317-03:00,2959.68
2026-07-13T04:50:39.943970-03:00,2959.68
2026-07-13T05:50:43.653423-03:00,2959.68
2026-07-13T06:50:28.522238-03:00,2959.68
2026-07-13T07:50:31.881623-03:00,2959.68
2026-07-13T08:50:36.144997-03:00,3540.97
2026-07-13T09:50:32.763721-03:00,3540.97
2026-07-13T10:50:34.525199-03:00,3442.28
2026-07-13T11:50:38.306941-03:00,3442.28
2026-07-13T12:50:57.315463-03:00,3373.63
2026-07-13T13:50:41.213775-03:00,3373.63
2026-07-13T14:52:57.575612-03:00,3373.63
2026-07-13T15:50:48.808353-03:00,3005.84
2026-07-13T16:51:11.307942-03:00,3005.84
2026-07-13T17:50:45.578951-03:00,3005.84
2026-07-13T18:50:44.836908-03:00,3170.55
2026-07-13T19:50:28.819025-03:00,3170.55
2026-07-13T20:50:35.544247-03:00,3170.55
2026-07-13T21:50:38.474067-03:00,3170.55
2026-07-13T22:50:27.583228-03:00,3509.37
2026-07-13T23:50:29.895487-03:00,3509.37
2026-07-14T02:50:49.129059-03:00,3545.13
2026-07-14T03:50:22.973846-03:00,3545.13
2026-07-14T04:50:41.652394-03:00,3545.13
2026-07-14T05:50:22.604582-03:00,3545.13
2026-07-14T06:50:23.067218-03:00,3545.13
2026-07-14T07:50:23.075870-03:00,3545.13
2026-07-14T08:50:22.337773-03:00,3545.13
2026-07-14T09:50:20.184478-03:00,3545.13
2026-07-14T10:50:20.602504-03:00,3309.31
2026-07-14T11:50:22.817569-03:00,3545.13
2026-07-14T12:50:36.069102-03:00,3768.24
2026-07-14T17:50:43.321950-03:00,3580.91
2026-07-14T18:50:31.059398-03:00,3575.78
2026-07-14T19:50:20.722636-03:00,3575.78
2026-07-14T20:50:18.791925-03:00,3575.78
2026-07-14T21:50:20.862196-03:00,3575.78
2026-07-14T22:50:18.850645-03:00,3599.14
2026-07-15T01:24:12.578146-03:00,3950.7
2026-07-15T01:50:24.096522-03:00,4878.17
2026-07-15T02:50:23.351213-03:00,4878.17
2026-07-16T13:50:25.527186-03:00,4874.53
2026-07-16T14:50:22.790463-03:00,5118.74
2026-07-16T15:50:22.435417-03:00,5118.74
2026-07-16T16:50:56.886765-03:00,5038.41
2026-07-16T17:50:35.977754-03:00,5038.41
2026-07-16T18:50:47.081783-03:00,5038.41
2026-07-16T19:50:43.131168-03:00,5038.41
2026-07-16T20:51:08.443322-03:00,
2026-07-16T21:51:28.290315-03:00,5038.41
2026-07-16T22:50:39.048077-03:00,5038.41
2026-07-16T23:50:26.153175-03:00,5043.38
2026-07-17T00:50:21.346557-03:00,5043.38
2026-07-17T01:50:22.081024-03:00,5043.38
2026-07-17T02:50:22.487193-03:00,5043.38
2026-07-17T03:50:48.278141-03:00,5043.38
2026-07-17T04:50:21.779668-03:00,5043.38
2026-07-17T05:50:24.342453-03:00,5043.38
2026-07-17T06:50:23.049279-03:00,5043.38
2026-07-17T07:50:21.641500-03:00,5043.38
2026-07-17T08:50:22.806178-03:00,5043.38
2026-07-17T09:50:45.241441-03:00,5043.38
2026-07-17T10:50:21.199547-03:00,5043.38
2026-07-17T11:50:38.479502-03:00,4720.9
2026-07-17T12:50:26.782850-03:00,4568.71
2026-07-17T13:50:26.439088-03:00,4554.39
2026-07-17T14:50:33.588830-03:00,4553.32
2026-07-17T16:51:10.827255-03:00,
2026-07-17T17:50:36.297547-03:00,4553.32
2026-07-17T18:51:12.934914-03:00,
2026-07-17T20:58:56.454091-03:00,
2026-07-17T21:52:39.665736-03:00,
2026-07-17T23:52:55.110607-03:00,3986.69
2026-07-18T00:51:49.092660-03:00,
2026-07-18T01:50:24.176879-03:00,4078.38
2026-07-18T02:50:24.659041-03:00,4078.38
2026-07-18T03:50:51.469331-03:00,4078.38
2026-07-18T04:50:24.089835-03:00,4078.38
2026-07-18T05:50:25.684360-03:00,4078.38
2026-07-18T06:50:24.825789-03:00,4078.38
2026-07-18T07:50:26.295233-03:00,4078.38
2026-07-18T08:50:24.914190-03:00,4078.38
2026-07-18T09:50:26.333835-03:00,4078.38
2026-07-18T10:50:48.088321-03:00,4078.38
2026-07-18T11:50:40.325233-03:00,4078.38
2026-07-18T12:50:25.166040-03:00,4166.66
2026-07-18T13:50:29.186987-03:00,4166.66
2026-07-18T14:50:25.749461-03:00,4166.66
2026-07-18T15:50:28.407789-03:00,4166.66
2026-07-18T16:50:26.307524-03:00,4166.66
2026-07-18T17:50:24.034464-03:00,4181.15
2026-07-18T18:50:25.895619-03:00,4181.15
2026-07-18T19:50:21.823206-03:00,4218.78
2026-07-18T20:50:29.577411-03:00,4394.43
2026-07-18T21:50:27.226548-03:00,4394.43
2026-07-18T22:50:25.371732-03:00,4218.78
2026-07-18T23:51:08.939816-03:00,4218.78
2026-07-19T00:52:07.492256-03:00,4218.78
2026-07-19T01:50:51.582458-03:00,4218.78
2026-07-19T02:50:54.062194-03:00,4218.78
2026-07-19T03:50:46.009103-03:00,4218.78
2026-07-19T04:50:24.351110-03:00,4218.78
2026-07-19T05:50:20.118947-03:00,4218.78
2026-07-19T06:50:21.905391-03:00,4218.78
2026-07-19T07:50:22.641079-03:00,4181.15
2026-07-19T08:50:21.640751-03:00,4181.15
2026-07-19T09:50:20.471883-03:00,4181.15
2026-07-19T10:50:19.503512-03:00,4418.99
2026-07-19T11:50:37.188610-03:00,4418.99
2026-07-19T12:50:22.003555-03:00,4418.99
2026-07-19T13:50:42.536606-03:00,4418.99
2026-07-19T14:50:50.132978-03:00,4418.99
2026-07-19T15:50:37.903304-03:00,4418.99
2026-07-19T16:50:58.820010-03:00,4418.99
2026-07-19T17:51:57.375918-03:00,
2026-07-19T18:53:53.760070-03:00,
2026-07-19T19:50:29.674212-03:00,4408.46
2026-07-19T20:50:30.103236-03:00,4408.46
2026-07-19T21:50:29.584077-03:00,4408.46
2026-07-20T01:09:37.281171-03:00,4529.79
2026-07-20T01:50:36.873492-03:00,4529.79
2026-07-20T02:50:56.796147-03:00,4529.79
2026-07-20T03:50:26.020240-03:00,4529.79
2026-07-20T04:50:26.077335-03:00,4529.79
2026-07-20T05:50:23.787208-03:00,4529.79
2026-07-20T06:50:20.994835-03:00,4529.79
2026-07-20T07:50:25.775481-03:00,4717.62
2026-07-20T08:57:49.954582-03:00,5093.96
2026-07-20T11:49:37.659949-03:00,4980.62
2026-07-20T11:50:34.116855-03:00,4980.62
2026-07-20T13:06:09.618168-03:00,5150.83
2026-07-20T15:50:50.994776-03:00,5150.83
2026-07-21T00:51:14.417434-03:00,
2026-07-22T13:51:14.406725-03:00,
2026-07-22T22:50:59.553355-03:00,
2026-07-22T23:51:00.371251-03:00,
2026-07-23T00:50:58.436935-03:00,
2026-07-23T04:03:35.356872-03:00,
2026-07-23T06:48:06.320121-03:00,
2026-07-23T06:50:49.678132-03:00,
2026-07-27T00:57:04.218659-03:00,
2026-07-27T01:50:59.457367-03:00,
2026-07-27T02:50:56.813157-03:00,
2026-07-27T08:19:06.588725-03:00,
2026-07-27T12:18:49.055759-03:00,
2026-07-27T14:19:48.327430-03:00,
2026-07-27T14:59:24.730645-03:00,
2026-07-27T18:38:59.173838-03:00,
2026-07-27T18:53:09.592637-03:00,
2026-07-27T19:50:58.519991-03:00,
2026-07-27T21:38:07.448817-03:00,
2026-07-27T21:54:45.613169-03:00,
2026-07-27T22:51:07.217337-03:00,
2026-07-27T23:51:02.026993-03:00,
2026-07-28T02:26:52.069938-03:00,
2026-07-28T02:50:55.046991-03:00,
2026-07-28T04:50:56.133433-03:00,
2026-07-28T12:19:15.659407-03:00,
2026-07-28T14:19:37.339324-03:00,
2026-07-28T21:39:37.390914-03:00,
2026-07-28T21:52:06.483306-03:00,
2026-07-28T22:51:04.594853-03:00,
2026-07-28T23:51:11.925321-03:00,
2026-07-29T00:51:13.488732-03:00,
2026-07-29T01:51:05.258879-03:00,
2026-07-29T03:04:18.299325-03:00,
2026-07-29T12:19:14.557032-03:00,
2026-07-29T14:19:28.939969-03:00,
2026-07-29T16:52:34.879972-03:00,
2026-07-29T18:05:14.838233-03:00,
2026-07-29T18:50:53.782416-03:00,
2026-07-29T20:14:32.615635-03:00,
2026-07-29T20:51:27.458500-03:00,
2026-07-29T21:50:56.818404-03:00,
2026-07-29T22:50:59.140399-03:00,
2026-07-29T23:51:19.701858-03:00,
2026-07-30T00:50:59.862115-03:00,
2026-07-30T01:50:54.997610-03:00,
2026-07-30T02:50:53.783632-03:00,
2026-07-30T03:50:55.940117-03:00,
2026-07-30T04:51:21.082681-03:00,
2026-07-30T05:50:54.254889-03:00,
2026-07-30T06:50:54.462117-03:00,
2026-07-30T07:50:53.702808-03:00,
2026-07-30T08:50:54.997430-03:00,
2026-07-30T09:50:55.089997-03:00,
2026-07-30T10:50:55.251205-03:00,
2026-07-30T11:50:55.527215-03:00,
2026-07-30T12:50:53.874853-03:00,
2026-07-30T13:51:20.863218-03:00,
2026-07-30T14:51:11.042307-03:00,
2026-07-30T15:50:55.195784-03:00,
2026-07-30T16:50:55.628824-03:00,
2026-07-30T17:51:43.378218-03:00,
2026-07-30T18:50:59.867214-03:00,
2026-07-30T19:50:57.149073-03:00,
2026-07-30T20:50:56.959227-03:00,
2026-07-30T21:52:38.155340-03:00,
2026-07-30T22:50:55.548200-03:00,
2026-07-30T23:51:04.841245-03:00,
2026-07-31T00:51:13.836579-03:00,
2026-07-31T03:04:59.395532-03:00,
2026-07-31T04:19:27.967971-03:00,
2026-07-31T12:14:36.395577-03:00,
2026-07-31T14:14:39.781345-03:00,
2026-07-31T17:07:02.600513-03:00,
2026-07-31T20:16:16.698474-03:00,
2026-07-31T20:50:54.634957-03:00,
2026-07-31T21:51:07.932724-03:00,
2026-07-31T22:51:01.644630-03:00,
2026-07-31T23:51:02.445576-03:00,
2026-08-01T00:50:55.090399-03:00,
2026-08-01T01:50:58.924251-03:00,
2026-08-01T12:18:01.447999-03:00,
2026-08-01T14:17:13.922262-03:00,
2026-08-01T15:00:31.799573-03:00,
2026-08-01T15:50:56.344912-03:00,
2026-08-01T16:52:51.432152-03:00,
2026-08-01T22:17:45.407073-03:00,
2026-08-02T04:07:43.367829-03:00,
2026-08-02T08:17:44.411255-03:00,
2026-08-02T12:16:55.229937-03:00,
2026-08-02T13:38:45.086806-03:00,
2026-08-02T13:50:54.811818-03:00,
2026-08-02T14:50:59.449225-03:00,
2026-08-02T15:51:19.185735-03:00,
2026-08-02T16:50:54.787858-03:00,
2026-08-02T17:50:58.957629-03:00,
2026-08-02T18:50:53.496268-03:00,
2026-08-02T19:50:54.138929-03:00,
2026-08-02T20:51:16.385472-03:00,
2026-08-02T21:50:54.048675-03:00,
2026-08-03T08:19:30.922818-03:00,
2026-08-03T12:17:56.468431-03:00,
2026-08-03T14:17:07.901945-03:00,
2026-08-03T18:32:08.751563-03:00,
2026-08-03T18:50:56.969369-03:00,
2026-08-03T19:50:57.647508-03:00,
2026-08-03T20:50:54.880733-03:00,
2026-08-03T21:50:54.664937-03:00,
2026-08-03T22:50:56.553503-03:00,
2026-08-04T15:51:43.105326-03:00,
2026-08-04T16:50:56.388590-03:00,
2026-08-04T17:50:56.424102-03:00,
2026-08-04T18:50:55.714033-03:00,
2026-08-04T19:50:57.151273-03:00,
2026-08-04T20:50:56.771730-03:00,
2026-08-04T21:50:58.190864-03:00,
2026-08-04T22:52:04.132012-03:00,
2026-08-05T00:02:37.423207-03:00,
2026-08-05T03:02:28.191162-03:00,
2026-08-05T03:51:36.903267-03:00,
2026-08-05T07:45:52.043281-03:00,
2026-08-05T10:00:19.250568-03:00,
2026-08-05T11:30:39.200117-03:00,
2026-08-05T13:49:09.842827-03:00,
2026-08-05T13:50:51.523033-03:00,
2026-08-06T06:33:40.738133-03:00,
2026-08-06T07:04:05.663017-03:00,
2026-08-06T07:51:19.900841-03:00,
2026-08-06T09:05:48.279746-03:00,
2026-08-06T09:50:56.318989-03:00,
